org,2003,2004,2005,2006,2007,2008,2009,2010,2011,2012,2013,2014,2015,2016,2017,2018,2019,2020
ACCURACY IN ACADEMIA,0.0,0.0,0.022900763358778626,0.02252252252252252,0.041666666666666664,0.03571428571428571,0.05660377358490566,0.06097560975609756,0.033783783783783786,0.05128205128205128,0.0,0.03076923076923077,0.05084745762711865,0.009433962264150943,0.025974025974025976,0.009009009009009009,0.0,0.0
ACCURACY IN MEDIA,0.01694915254237288,0.013157894736842105,0.036585365853658534,0.03529411764705882,0.1450381679389313,0.04887218045112782,0.08064516129032258,0.0430622009569378,0.01809954751131222,0.015,0.03111111111111111,0.01990049751243781,0.04060913705583756,0.01951219512195122,0.04966887417218543,0.025236593059936908,0.03357531760435572,0.014018691588785047
ACTON INSTITUTE FOR THE STUDY OF RELIGION AND LIBERTY,,,0.015384615384615385,0.041379310344827586,0.09523809523809523,0.024390243902439025,0.010638297872340425,0.009900990099009901,0.03355704697986577,0.0,0.0,0.004761904761904762,0.03314917127071823,0.03333333333333333,0.0,0.0,0.0,0.022727272727272728
ADVOCATES FOR SELF GOVERNMENT,,,,,,,,,0.0,,0.0,0.0,0.005050505050505051,0.012658227848101266,0.007518796992481203,0.009615384615384616,0.0069605568445475635,0.0
ALASKA POLICY FORUM,,,,,,,0.0,0.09090909090909091,0.05,0.06666666666666667,0.0,0.0,0.0,0.09302325581395349,0.06666666666666667,0.11363636363636363,0.0392156862745098,0.09278350515463918
ALLEGHENY INSTITUTE FOR PUBLIC POLICY,,,,,,,0.009900990099009901,0.007936507936507936,0.022988505747126436,0.01020408163265306,0.02564102564102564,0.006666666666666667,0.0425531914893617,0.0,0.09090909090909091,0.09195402298850575,0.045454545454545456,0.13043478260869565
AMERICA'S FUTURE FOUNDATION,,0.0,,,0.0,0.02127659574468085,0.014760147601476014,0.0,0.0,0.023622047244094488,0.01910828025477707,0.006329113924050633,0.0,0.0,0.0,0.0,0.004761904761904762,0.0051813471502590676
AMERICA'S POWER,,,,,,,,,,,,,0.0,0.6153846153846154,0.875,0.8461538461538461,0.9523809523809523,0.9830508474576272
AMERICAN COMMITMENT,,,,,,,,,,0.18181818181818182,0.06,0.10909090909090909,0.17073170731707318,0.1388888888888889,0.1553398058252427,0.13043478260869565,0.15789473684210525,0.0
AMERICAN CONSERVATION COALITION,,,,,,,,,,,,,,,0.45714285714285713,0.38461538461538464,0.5421686746987951,0.4594594594594595
AMERICAN CONSTITUTIONAL RIGHTS UNION,,,,0.0,0.0,0.017857142857142856,0.010869565217391304,0.02,0.0392156862745098,0.04864864864864865,0.0457516339869281,0.047244094488188976,0.01,0.009345794392523364,0.028037383177570093,0.045454545454545456,0.08695652173913043,0.0038314176245210726
AMERICAN CONSUMER INSTITUTE THE,,,0.0,0.0,0.06666666666666667,0.021739130434782608,0.015625,0.0,0.028409090909090908,0.0,0.05555555555555555,0.05142857142857143,0.027210884353741496,0.0,0.021739130434782608,0.005050505050505051,0.018072289156626505,0.010638297872340425
AMERICAN COUNCIL ON SCIENCE AND HEALTH,0.008928571428571428,0.006622516556291391,0.01282051282051282,0.0,0.0,0.0,0.0,0.0,0.009448818897637795,0.006787330316742082,0.014234875444839857,0.029668411867364748,0.016483516483516484,0.028153153153153154,0.03916768665850673,0.03787878787878788,0.04946236559139785,0.04556962025316456
AMERICAN ENERGY ALLIANCE,,,,,,0.875,1.0,1.0,0.875,0.8703703703703703,0.9484978540772532,0.907563025210084,0.8579545454545454,0.5921052631578947,0.7,0.6571428571428571,0.7407407407407407,0.8125
AMERICAN ENTERPRISE INSTITUTE FOR PUBLIC POLICY RESEARCH,0.021086780210867802,0.02057356608478803,0.02962962962962963,0.029513034923757994,0.04930662557781202,0.06505026611472502,0.05369900898824614,0.049365942028985504,0.06453392167677882,0.07499593297543518,0.06341880341880342,0.05126749905410519,0.03116826503923278,0.020935697500534076,0.028339083292262198,0.024857586742620404,0.038461538461538464,0.021688284073995322
AMERICAN INSTITUTE FOR ECONOMIC RESEARCH,,,,,,,,0.0,,0.0,,0.0,0.008130081300813009,0.0,0.004901960784313725,0.008368200836820083,0.03481012658227848,0.01794453507340946
AMERICAN LEGISLATIVE EXCHANGE COUNCIL,,,,,,,,0.0,0.0,0.07526881720430108,0.10743801652892562,0.07746478873239436,0.11320754716981132,0.07162534435261708,0.03501945525291829,0.03414634146341464,0.011494252873563218,0.034722222222222224
AMERICAN POLICY CENTER,0.1111111111111111,0.0784313725490196,0.13333333333333333,0.0975609756097561,0.08823529411764706,0.12121212121212122,0.17391304347826086,0.11764705882352941,0.11627906976744186,0.04040404040404041,0.30434782608695654,0.13793103448275862,0.12903225806451613,0.2,0.10526315789473684,0.05555555555555555,0.30434782608695654,0.20408163265306123
AMERICAN SOCIETY FOR THE DEFENSE OF TRADITION FAMILY AND PROPERTY,0.0,0.0,0.0,0.0,0.0,0.015267175572519083,0.0,0.016129032258064516,0.015873015873015872,0.064,0.031746031746031744,0.07216494845360824,0.06521739130434782,0.015748031496062992,0.0,0.029850746268656716,0.09278350515463918,0.05405405405405406
AMERICAN SOCIETY OF MECHANICAL ENGINEERS,,,0.0,0.5,,0.3333333333333333,1.0,0.125,0.24,0.20416666666666666,0.22321428571428573,0.2,0.2198581560283688,0.21621621621621623,0.24651162790697675,0.2151394422310757,0.21292775665399238,0.18248175182481752
AMERICAN SPECTATOR FOUNDATION,,0.0,0.0,0.0,0.07142857142857142,0.0,0.0,0.0,0.0,0.0,0.027522935779816515,0.03225806451612903,0.17391304347826086,0.0267639902676399,0.019230769230769232,0.029797377830750895,0.020905923344947737,0.011447260834014717
AMERICANS FOR PROSPERITY,,,,,,,,,,,,,,,,0.023391812865497075,0.009389671361502348,0.011235955056179775
AMERICANS FOR TAX REFORM,,,,,,,0.0,0.0,0.047619047619047616,0.0,0.0,0.0,0.02857142857142857,0.25,0.0,0.0,0.035211267605633804,0.03879310344827586
ATLAS NETWORK,,,,,,,,,,,0.0,0.013636363636363636,0.011527377521613832,0.0036496350364963502,0.0038022813688212928,0.011811023622047244,0.021052631578947368,0.011494252873563218
ATLAS SOCIETY,,,,,,,,,0.0,0.03636363636363636,0.042105263157894736,0.00909090909090909,0.02197802197802198,0.018867924528301886,0.0,0.0,0.024691358024691357,0.01639344262295082
AYN RAND INSTITUTE,0.0,0.0,0.0,0.1111111111111111,0.0,0.18181818181818182,0.08695652173913043,0.0,0.0,0.041666666666666664,0.017857142857142856,0.027559055118110236,0.011111111111111112,0.014018691588785047,0.021929824561403508,0.006666666666666667,0.014598540145985401,0.014388489208633094
BEACON HILL INSTITUTE FOR PUBLIC POLICY RESEARCH,0.0,0.05263157894736842,0.1111111111111111,0.25,0.0,0.25,0.034482758620689655,0.07692307692307693,0.0,0.1111111111111111,0.36363636363636365,0.4,0.0,0.0,0.18181818181818182,0.09090909090909091,0.0,0.05
BROAD AND LIBERTY,,,,,,,,,,,,,,,,,0.02127659574468085,0.03225806451612903
BUCKEYE INSTITUTE FOR PUBLIC POLICY SOLUTIONS THE,,,,,,,,,0.0,0.029411764705882353,0.02631578947368421,0.16666666666666666,0.2112676056338028,0.07142857142857142,0.11805555555555555,0.03355704697986577,0.05970149253731343,0.021739130434782608
CAESAR RODNEY INSTITUTE,,,0.0,1.0,,0.5,0.3333333333333333,0.5,0.0,0.2857142857142857,0.0,0.2857142857142857,0.17647058823529413,0.0,,0.06956521739130435,0.25,0.13333333333333333
CAPITAL RESEARCH CENTER,,,,0.0,,0.5,0.05263157894736842,0.0,0.125,0.08,0.0,0.0,0.0,0.08,0.12903225806451613,0.034482758620689655,0.0,0.030303030303030304
CASCADE POLICY INSTITUTE,,,0.0,0.0625,0.061946902654867256,0.21,0.09090909090909091,0.14583333333333334,0.11888111888111888,0.072,0.05,0.09016393442622951,0.054945054945054944,0.050505050505050504,,0.0,0.0,0.08333333333333333
CATO INSTITUTE,0.04461942257217848,0.04625850340136054,0.05845181674565561,0.053614457831325305,0.03816091954022988,0.04650132860938884,0.023689665383476458,0.01595245542696278,0.029017857142857144,0.031729055258467025,0.04758522727272727,0.05458680818802123,0.06188466947960619,0.050129008477699966,0.02891566265060241,0.019222367846221056,0.012060301507537688,0.010874704491725768
CENTER FOR CONSUMER FREEDOM,0.009230769230769232,0.014760147601476014,0.0,0.0,0.0047169811320754715,0.018957345971563982,0.012048192771084338,0.02074688796680498,0.013888888888888888,0.010362694300518135,0.0,0.0,0.0,0.0,0.0,0.0,0.045454545454545456,0.0
CENTER FOR FREEDOM AND PROSPERITY FOUNDATION,0.0,0.0,0.0,0.0,0.0,0.0,0.0,0.024193548387096774,0.001669449081803005,0.009259259259259259,0.012531328320802004,0.007371007371007371,0.016018306636155607,0.011764705882352941,0.011312217194570135,0.01904761904761905,0.019656019656019656,0.016713091922005572
CENTER FOR INDIVIDUAL FREEDOM,,,,,,,0.2,0.05917159763313609,0.0670391061452514,0.05434782608695652,0.02631578947368421,0.022222222222222223,0.03305785123966942,0.03125,0.018867924528301886,0.033816425120772944,0.04310344827586207,0.011764705882352941
CENTER FOR THE STUDY OF CARBON DIOXIDE AND GLOBAL CHANGE,1.0,1.0,1.0,1.0,1.0,0.9545454545454546,0.7037037037037037,1.0,1.0,1.0,1.0,1.0,1.0,,1.0,1.0,0.9230769230769231,1.0
CENTER OF THE AMERICAN EXPERIMENT,,,,,,,,,,,,0.0,0.0,0.0948905109489051,0.04514363885088919,0.16683316683316685,0.26833976833976836,0.17871326449563146
CITIZENS AGAINST GOVERNMENT WASTE,0.0,0.005952380952380952,0.008849557522123894,0.0,0.019417475728155338,0.01092896174863388,0.016181229773462782,0.047619047619047616,0.010948905109489052,0.015151515151515152,0.020942408376963352,0.008130081300813009,0.021645021645021644,0.029801324503311258,0.007662835249042145,0.01652892561983471,0.05508474576271186,0.02142857142857143
CLARE BOOTHE LUCE POLICY INSTITUTE,,,,0.0,0.2,0.0,,0.0,0.0,0.0,0.25,0.0625,0.026845637583892617,0.01098901098901099,0.01694915254237288,0.0,0.027777777777777776,0.0
CO2 COALITION,1.0,,,,,,1.0,1.0,,1.0,1.0,1.0,1.0,0.9123711340206185,0.9336734693877551,0.889967637540453,0.9408450704225352,0.8954344624447718
COMMITTEE FOR A CONSTRUCTIVE TOMORROW,0.7936507936507936,0.7224669603524229,0.6298701298701299,0.7722772277227723,0.7050359712230215,0.6763005780346821,0.7518796992481203,0.7079646017699115,0.7089552238805971,0.742798353909465,0.7127937336814621,0.7310344827586207,0.7706422018348624,0.7522388059701492,0.7638190954773869,0.7642857142857142,0.7239747634069401,0.7431761786600496
COMMONWEALTH FOUNDATION,0.0,0.0,0.0,0.05263157894736842,0.061224489795918366,0.11538461538461539,0.075,0.1787709497206704,0.11888111888111888,0.02631578947368421,0.04672897196261682,0.013605442176870748,0.04417670682730924,0.03319502074688797,0.038461538461538464,0.04150943396226415,0.0502092050209205,0.030303030303030304
COMPETITIVE ENTERPRISE INSTITUTE,0.2436548223350254,0.19330855018587362,0.189873417721519,0.1792452830188679,0.16896301667875271,0.16923076923076924,0.18552036199095023,0.18652849740932642,0.15300546448087432,0.15958904109589042,0.15609756097560976,0.17096774193548386,0.15895610913404506,0.1848064280496713,0.18497109826589594,0.1596330275229358,0.18899521531100477,0.15477792732166892
CONSUMER ACTION FOR A STRONG ECONOMY,,,,,,,,,,,,,,0.0,0.13793103448275862,0.2018348623853211,0.17699115044247787,0.08108108108108109
CONSUMER CHOICE CENTER,,,,,,,,,,,,,,,0.043478260869565216,0.0,0.015197568389057751,0.010706638115631691
CONSUMER ENERGY ALLIANCE,,,,,,0.5,1.0,0.8333333333333334,0.95,0.8928571428571429,0.9166666666666666,0.9166666666666666,0.875,0.9258698940998488,0.9510309278350515,0.928416485900217,0.8597285067873304,0.9
CORNWALL ALLIANCE FOR THE STEWARDSHIP OF CREATION,,0.0,0.3333333333333333,0.6666666666666666,0.8235294117647058,0.8484848484848485,0.75,0.6,0.6363636363636364,0.6428571428571429,0.7037037037037037,0.7192982456140351,0.5945945945945946,0.7012987012987013,0.6954314720812182,0.7528735632183908,0.8429319371727748,0.6598639455782312
DAILY CALLER NEWS FOUNDATION THE,,,,,,,0.0,0.03547671840354767,0.025210084033613446,0.0,0.015384615384615385,0.014492753623188406,0.04819277108433735,0.060240963855421686,0.038461538461538464,0.013793103448275862,0.0136986301369863,0.003968253968253968
DOCTORS FOR DISASTER PREPAREDNESS,0.0,1.0,0.2727272727272727,0.5,1.0,,0.43478260869565216,,0.25,0.875,0.7,0.125,0.5,0.75,1.0,0.5,0.6923076923076923,0.5
E PLURIBUS UNUM FILMS,,0.3333333333333333,0.15384615384615385,0.0,0.0,,0.0,,0.0,0.0,0.09876543209876543,0.0970873786407767,0.0967741935483871,0.06666666666666667,0.11904761904761904,0.09302325581395349,0.4482758620689655,0.08333333333333333
EAGLE FORUM,,,,,0.0,,0.0,0.0,0.0,0.1111111111111111,0.01098901098901099,0.06976744186046512,0.0,0.0,0.0,0.0,0.07894736842105263,0.009523809523809525
EMPOWERMENT ALLIANCE THE,,,,,,,,,,,,,,,,,0.5454545454545454,0.8870967741935484
ENERGY & ENVIRONMENT LEGAL INSTITUTE,,,,,,,,,1.0,0.09090909090909091,0.37735849056603776,0.5123456790123457,0.6513157894736842,0.5204918032786885,0.47393364928909953,0.4772727272727273,0.5862068965517241,0.6031746031746031
ETHAN ALLEN INSTITUTE,,,,,,0.0,,,,,0.0,0.1,0.19607843137254902,0.0,0.14285714285714285,0.2222222222222222,0.3116883116883117,0.21739130434782608
FEDERALIST SOCIETY FOR LAW AND PUBLIC POLICY STUDIES,0.0,0.0,0.02666666666666667,0.011494252873563218,0.0,0.011976047904191617,0.02097902097902098,0.0364963503649635,0.020833333333333332,0.010101010101010102,0.012345679012345678,0.010752688172043012,0.0,0.0,0.0,0.0,0.0,0.0
FOUNDATION FOR RESEARCH ON ECONOMICS AND THE ENVIRONMENT,0.07547169811320754,0.057692307692307696,0.18867924528301888,0.2641509433962264,0.40384615384615385,0.2641509433962264,0.3,0.1568627450980392,0.057692307692307696,0.038461538461538464,0.038461538461538464,0.06521739130434782,0.029411764705882353,0.0,0.05,0.0,0.11764705882352941,0.0
FREE THE PEOPLE,,,,,,,,,,,,,,0.014084507042253521,0.0,0.01694915254237288,0.0,0.005917159763313609
FREEDOMWORKS,0.036608863198458574,0.007481296758104738,0.015151515151515152,0.040268456375838924,0.16626506024096385,0.1407766990291262,0.08316008316008316,0.07991360691144708,0.06976744186046512,0.09615384615384616,0.046228710462287104,0.044444444444444446,0.02796420581655481,0.027985074626865673,0.020560747663551402,0.014522821576763486,0.04035874439461883,0.013779527559055118
FRONTIERS OF FREEDOM INSTITUTE AND FOUNDATION,,,,,,1.0,0.0,0.0,0.0,0.05701754385964912,0.10416666666666667,0.09581881533101046,0.1083844580777096,0.1111111111111111,0.10612244897959183,0.07220216606498195,0.08024691358024691,0.03561643835616438
FUTURE OF FREEDOM FOUNDATION,0.0,0.004329004329004329,0.004672897196261682,0.02030456852791878,0.0035211267605633804,0.008791208791208791,0.0,0.002036659877800407,0.001851851851851852,0.0,0.00333889816360601,0.0,0.004319654427645789,0.0,0.0,0.0,0.004395604395604396,0.0
GENETIC LITERACY PROJECT,,,,,,,,,0.0,0.014722536806342015,0.006583506583506584,0.010783200908059024,0.0155203895313451,0.008541973490427098,0.011117612638970159,0.02244536326048435,0.03392374662263584,0.033444816053511704
GEORGIA PUBLIC POLICY FOUNDATION,,,,,,0.0,,0.0,0.02564102564102564,0.02262443438914027,0.03205128205128205,0.0546875,0.056338028169014086,0.0,0.046875,0.0,0.05263157894736842,0.018018018018018018
GOVERNMENT ACCOUNTABILITY AND OVERSIGHT,,,,,,,,,,,,,,,,0.5384615384615384,0.29850746268656714,0.3673469387755102
HEARTLAND INSTITUTE,0.027061855670103094,0.022388059701492536,0.02904162633107454,0.026515151515151516,0.03421727972626176,0.055378061767838126,0.07156673114119923,0.05143721633888049,0.12556869881710647,0.17811355311355312,0.23238095238095238,0.2684466019417476,0.24944419742107604,0.1999245567710298,0.223094688221709,0.2672160094173043,0.2797074954296161,0.2988394584139265
HERITAGE FOUNDATION,0.030837004405286344,0.017287234042553192,0.02461139896373057,0.03418803418803419,0.06155950752393981,0.10491803278688525,0.06743002544529263,0.049689440993788817,0.044538706256627786,0.07473684210526316,0.07672955974842767,0.07142857142857142,0.09116022099447514,0.045940170940170943,0.06039643474790475,0.03358710255261979,0.03487229862475442,0.023341257834449968
HOOVER INSTITUTION,0.005208333333333333,0.011494252873563218,0.004149377593360996,0.01485148514851485,0.026041666666666668,0.01762114537444934,0.011811023622047244,0.011904761904761904,0.022277227722772276,0.016842105263157894,0.020114942528735632,0.02972972972972973,0.01762114537444934,0.0175054704595186,0.018907563025210083,0.008421052631578947,0.02368421052631579,0.017107309486780714
HUDSON INSTITUTE,0.0,0.0,0.0,0.0,0.07142857142857142,0.0,0.0,0.0053475935828877,0.020202020202020204,0.02631578947368421,0.0,0.05,0.03508771929824561,0.0,0.0,0.038461538461538464,0.0,0.046052631578947366
INDEPENDENCE INSTITUTE,,,,,,0.03225806451612903,0.0,0.0,0.0,,0.07246376811594203,0.023529411764705882,0.05844155844155844,,,,,
INDEPENDENT INSTITUTE,0.02702702702702703,0.0189873417721519,0.026041666666666668,0.029661016949152543,0.051643192488262914,0.06642066420664207,0.031746031746031744,0.07086614173228346,0.08214285714285714,0.07526881720430108,0.0812720848056537,0.07368421052631578,0.0958904109589041,0.04452054794520548,0.06607929515418502,0.04950495049504951,0.08536585365853659,0.0234375
INDEPENDENT WOMEN'S FORUM,,,0.0,0.0,0.0,0.0,0.08088235294117647,0.042105263157894736,0.029850746268656716,0.021739130434782608,0.01904761904761905,0.10638297872340426,0.2638888888888889,0.10175438596491228,0.06691449814126393,0.04580152671755725,0.017341040462427744,0.0453857791225416
INDIANA POLICY REVIEW FOUNDATION,,,0.0,0.0,0.03773584905660377,0.018867924528301886,0.0,0.01694915254237288,0.010638297872340425,0.0,0.02702702702702703,0.0070921985815602835,0.018518518518518517,0.0,0.024,0.01935483870967742,0.0125,0.0051813471502590676
INSTITUTE FOR ENERGY RESEARCH,,,,1.0,0.0,0.9512195121951219,0.9294871794871795,0.9025641025641026,0.875,0.9094827586206896,0.8755364806866953,0.9177215189873418,0.884393063583815,0.8823529411764706,0.865979381443299,0.8345864661654135,0.9,0.9154929577464789
INSTITUTE FOR POLICY INNOVATION,0.0,0.01818181818181818,0.025157232704402517,0.06451612903225806,0.0,0.06521739130434782,0.043478260869565216,0.0,0.0,0.060810810810810814,0.07360406091370558,0.13768115942028986,0.1274787535410765,0.08333333333333333,0.1054421768707483,0.12280701754385964,0.0967741935483871,0.10179640718562874
JAMES G. MARTIN CENTER FOR ACADEMIC RENEWAL,0.0,0.0,0.0,0.00980392156862745,0.013986013986013986,0.012658227848101266,0.006211180124223602,0.0,0.0,0.006711409395973154,0.006211180124223602,0.0,0.0,0.00641025641025641,0.0,0.0,0.0,0.0
JAMES MADISON INSTITUTE,0.0,0.0,0.0,0.0,0.0,0.08333333333333333,0.3076923076923077,0.05521472392638037,0.0196078431372549,0.0,0.0,0.02702702702702703,0.06267806267806268,0.05365853658536585,0.0,0.037037037037037035,0.0425531914893617,0.0
JOHN LOCKE FOUNDATION,0.041666666666666664,0.022727272727272728,0.04059040590405904,0.057034220532319393,0.06467661691542288,0.08235294117647059,0.02247191011235955,0.05128205128205128,0.11062906724511931,0.11827956989247312,0.11564625850340136,0.06666666666666667,0.12151898734177215,0.0223463687150838,0.041666666666666664,0.037162162162162164,0.04743083003952569,0.03674540682414698
JOSIAH BARTLETT CENTER FOR PUBLIC POLICY,,0.0,0.2,0.0,0.0,0.0,0.5,0.25,0.043478260869565216,0.023529411764705882,0.009708737864077669,0.030303030303030304,0.037037037037037035,0.3333333333333333,0.07692307692307693,0.20512820512820512,0.15789473684210525,0.05063291139240506
JUDICIAL WATCH,,,,,,0.0044444444444444444,0.00546448087431694,0.014925373134328358,0.036016949152542374,0.03341288782816229,0.02927927927927928,0.016574585635359115,0.013440860215053764,0.013440860215053764,0.014423076923076924,0.006172839506172839,0.0027397260273972603,0.0
JUST FACTS FOUNDATION,,,,,,0.0,0.0,,0.07692307692307693,0.12121212121212122,0.11764705882352941,0.25,0.0,0.047619047619047616,0.14285714285714285,0.14814814814814814,0.058823529411764705,0.041666666666666664
LEXINGTON INSTITUTE,0.0,0.0,0.0,0.0,0.0078125,0.0,0.05707196029776675,0.024844720496894408,0.019693654266958426,0.023255813953488372,0.017429193899782137,0.029891304347826088,0.023333333333333334,0.0231023102310231,0.06967213114754098,0.03125,0.04739336492890995,0.08372093023255814
LIBERTARIAN INSTITUTE THE,,,,,,,,,0.0,,0.0,0.0,0.010101010101010102,0.0,0.01098901098901099,0.0,0.0,0.0
LIBERTY FUND,,,,,,,,,0.0,0.0,0.0,,,0.0,0.0,0.0,,0.005274261603375527
LINCOLN INSTITUTION OF PUBLIC OPINION RESEARCH,0.0,0.022727272727272728,0.0,0.0,0.0,0.02666666666666667,0.0,0.05172413793103448,0.01,0.01904761904761905,0.0,0.03614457831325301,0.02666666666666667,0.015151515151515152,0.02702702702702703,0.008849557522123894,0.08571428571428572,0.0125
MACIVER INSTITUTE FOR PUBLIC POLICY,,,,,,,0.07894736842105263,0.07668711656441718,0.010025062656641603,0.031818181818181815,0.010802469135802469,0.03111111111111111,0.0475,0.04152249134948097,0.017857142857142856,0.005263157894736842,0.03333333333333333,0.021505376344086023
MACKINAC CENTER FOR PUBLIC POLICY,0.005208333333333333,0.013422818791946308,0.012987012987012988,0.03783783783783784,0.020338983050847456,0.03787878787878788,0.027243589743589744,0.03662420382165605,0.03861003861003861,0.028112449799196786,0.007633587786259542,0.014164305949008499,0.008849557522123894,0.01634877384196185,0.02631578947368421,0.010238907849829351,0.028391167192429023,0.0650887573964497
MANHATTAN INSTITUTE FOR POLICY RESEARCH,0.02185792349726776,0.011428571428571429,0.0446927374301676,0.0625,0.057534246575342465,0.053268765133171914,0.1203125,0.09105960264900662,0.10452961672473868,0.1314878892733564,0.08623087621696801,0.10015898251192369,0.1092896174863388,0.07502799552071669,0.08247422680412371,0.06741573033707865,0.08831521739130435,0.033783783783783786
MEDIA RESEARCH CENTER,0.004132231404958678,0.010380622837370242,0.00398406374501992,0.01858736059479554,0.0211864406779661,0.020905923344947737,0.01858736059479554,0.034482758620689655,0.029940119760479042,0.014652014652014652,0.02,0.0196078431372549,0.05,0.0,0.0,,,0.0
MERCATUS CENTER GEORGE MASON UNIVERSITY,0.0,0.018867924528301886,0.0,0.01818181818181818,0.0,0.0,0.026845637583892617,0.0,0.005917159763313609,0.005154639175257732,0.03482587064676617,0.011049723756906077,0.009009009009009009,0.0,0.004672897196261682,0.005802707930367505,0.0018214936247723133,0.0
NATIONAL ASSOCIATION OF SCHOLARS,,,,,0.0,0.0,0.0,0.0,0.016129032258064516,0.0,0.05555555555555555,0.0,0.0,0.09090909090909091,0.0,0.02097902097902098,0.021739130434782608,0.0
NATIONAL CENTER FOR PUBLIC POLICY RESEARCH,0.11363636363636363,0.09357798165137615,0.1437371663244353,0.20616113744075829,0.21836228287841192,0.2706422018348624,0.22319859402460457,0.23178807947019867,0.22093023255813954,0.08646616541353383,0.06451612903225806,0.050933786078098474,0.03225806451612903,0.0425531914893617,0.04519774011299435,0.04744525547445255,0.06382978723404255,0.052109181141439205
NATIONAL LEGAL & POLICY CENTER,0.0,0.0,0.0,0.0,0.0,0.013888888888888888,0.016556291390728478,0.043243243243243246,0.15119363395225463,0.12716763005780346,0.1552346570397112,0.0782608695652174,0.05128205128205128,0.011428571428571429,0.016483516483516484,0.005291005291005291,0.015228426395939087,0.021052631578947368
NATIONAL REVIEW INSTITUTE,,,,,,,,0.012087912087912088,0.0341039139391165,0.030156815440289506,0.025170998632010944,0.029808374733853796,0.023091838533403842,0.015586546349466776,0.01601464195836193,0.008443908323281062,0.020005264543300868,0.01858736059479554
NEVADA POLICY RESEARCH INSTITUTE,,,,,,0.06722689075630252,0.06038647342995169,0.0196078431372549,0.014150943396226415,0.04878048780487805,0.034482758620689655,0.011235955056179775,0.025,0.06140350877192982,0.06060606060606061,0.0,0.034482758620689655,0.0
OKLAHOMA COUNCIL OF PUBLIC AFFAIRS,,0.0,0.0,,0.0,0.0,0.019801980198019802,0.0,0.004878048780487805,0.06134969325153374,0.007633587786259542,0.03076923076923077,0.012578616352201259,0.025380710659898477,0.018867924528301886,0.03597122302158273,0.007434944237918215,0.004901960784313725
PACIFIC RESEARCH INSTITUTE FOR PUBLIC POLICY,,,,,,0.0958904109589041,0.0811623246492986,0.07295373665480427,0.05448717948717949,0.024793388429752067,0.05263157894736842,0.02727272727272727,0.02158273381294964,0.07650273224043716,0.038929440389294405,0.050816696914700546,0.04662379421221865,0.04390243902439024
PLANTS NEED CO2,,,,,,,1.0,1.0,1.0,1.0,,,,,,,,
POWER THE FUTURE,,,,,,,,,,,,,,,,0.6815286624203821,0.7862232779097387,0.7538461538461538
PRAGERU (PRAGER UNIVERSITY),,,,,,,,0.0,,0.0,0.3333333333333333,0.0,0.1111111111111111,0.08928571428571429,0.010309278350515464,0.03076923076923077,0.017543859649122806,0.0967741935483871
PROPERTY AND ENVIRONMENT RESEARCH CENTER,0.10416666666666667,0.06896551724137931,0.15151515151515152,0.10204081632653061,0.23404255319148937,0.18055555555555555,0.14925373134328357,0.18620689655172415,0.22887323943661972,0.09248554913294797,0.1111111111111111,0.13636363636363635,0.09375,0.08527131782945736,0.05737704918032787,0.05063291139240506,0.03424657534246575,0.047619047619047616
R STREET INSTITUTE,,,,,,,,,,,,,,,0.07081967213114754,0.061885482938114515,0.05975049244911359,0.0567550894509562
REASON FOUNDATION THE,0.054838709677419356,0.025454545454545455,0.06006006006006006,0.03598691384950927,0.04081632653061224,0.06924643584521385,0.017977528089887642,0.01317027281279398,0.0273972602739726,0.04734848484848485,0.020887728459530026,0.016574585635359115,0.034722222222222224,0.00911854103343465,0.006600660066006601,0.01366742596810934,0.004123711340206186,0.006309148264984227
RHODE ISLAND CENTER FOR FREEDOM AND PROSPERITY,,,,,,,,,0.0625,0.012195121951219513,0.01694915254237288,0.02564102564102564,0.0,0.046296296296296294,0.015384615384615385,0.0,0.05660377358490566,0.075
RIO GRANDE FOUNDATION,0.0,0.1111111111111111,0.0,0.09375,0.07142857142857142,0.06666666666666667,0.029411764705882353,0.03225806451612903,0.07692307692307693,0.08333333333333333,0.06451612903225806,0.10638297872340426,0.1111111111111111,0.10465116279069768,0.0,0.10606060606060606,0.17857142857142858,0.15
ROUGHRIDER POLICY CENTER,,,,,,,,,,,,,,,,1.0,0.3333333333333333,0.3333333333333333
SCIENCE AND ENVIRONMENTAL POLICY PROJECT,1.0,0.9473684210526315,1.0,1.0,1.0,1.0,1.0,1.0,1.0,1.0,1.0,,,,,,1.0,
SHOW-ME INSTITUTE,,,0.0,0.0,0.016835016835016835,0.054411764705882354,0.01703800786369594,0.018922852983988356,0.02023121387283237,0.0027100271002710027,0.007731958762886598,0.0,0.0035778175313059034,0.0025974025974025974,0.0,0.0,0.007462686567164179,0.0625
SMALL BUSINESS AND ENTREPRENEURSHIP COUNCIL,,,,,0.0,0.15057915057915058,0.0625,0.028688524590163935,0.1134185303514377,0.11133200795228629,0.09565217391304348,0.1309255079006772,0.06641366223908918,0.049523809523809526,0.02159827213822894,0.010126582278481013,0.009828009828009828,0.005115089514066497
SOUTH CAROLINA POLICY COUNCIL,,,0.0,0.0,0.0,0.16666666666666666,0.08695652173913043,0.0,0.03125,0.0,0.009259259259259259,0.0,0.012048192771084338,0.0,0.06363636363636363,0.057692307692307696,0.015625,0.09090909090909091
SOUTHEASTERN LEGAL FOUNDATION,,,,,,0.0,0.125,0.1,0.6666666666666666,0.0,0.0,0.0,0.0,0.0,0.0,0.0,0.07692307692307693,0.0
STATE POLICY NETWORK,,,,,,,,,,,,0.0,0.0,0.020833333333333332,0.0,0.022172949002217297,0.026359143327841845,0.005434782608695652
STUDENT FREE PRESS ASSOCIATION,,,,,,,,0.007532956685499058,0.0013386880856760374,0.011918951132300357,0.009579955784819455,0.012117714945181766,0.009538950715421303,0.007131102578167855,0.003786086133459536,0.00535801266439357,0.007466401194624191,0.0025549310168625446
TAXPAYERS PROTECTION ALLIANCE,,,,,,,,,0.026785714285714284,0.0847457627118644,0.05025125628140704,0.07511737089201878,0.13488372093023257,0.07142857142857142,0.09045226130653267,0.08080808080808081,0.06321839080459771,0.016666666666666666
TEXAS PUBLIC POLICY FOUNDATION,0.0,0.030303030303030304,0.019230769230769232,0.06382978723404255,0.05263157894736842,0.15217391304347827,0.08045977011494253,0.08333333333333333,0.13063063063063063,0.08865248226950355,0.10139860139860139,0.11662531017369727,0.1079136690647482,0.16356877323420074,0.04777070063694268,0.14617169373549885,0.18021978021978022,0.06297709923664122
THOMAS JEFFERSON INSTITUTE FOR PUBLIC POLICY,0.0,0.0,0.0,0.0,0.14285714285714285,0.35294117647058826,0.0625,0.0,0.12,0.0,0.03225806451612903,0.41379310344827586,0.14285714285714285,0.0,0.0,0.07142857142857142,0.2,0.0
TRUTH IN ACCOUNTING,0.0,,,,0.0,,,,,,0.0,0.0,0.0,0.0,0.0,0.0,0.0,0.0
TURNING POINT USA,,,,,,,,,,,,,,,,,,0.002890173410404624
WASHINGTON LEGAL FOUNDATION,,,,,,,0.0,0.017241379310344827,0.055248618784530384,0.053691275167785234,0.024242424242424242,0.017241379310344827,0.013245033112582781,0.03389830508474576,0.009389671361502348,0.016736401673640166,0.00851063829787234,0.0
WASHINGTON POLICY CENTER,0.0,,,0.0,,0.5,0.1,0.0,0.0,0.0,0.0,0.0,0.05555555555555555,0.0,0.0,0.06451612903225806,0.0,0.043478260869565216
WYOMING LIBERTY GROUP,,,,,,,,,,,,0.06428571428571428,0.05063291139240506,0.043478260869565216,0.0,0.0,0.03296703296703297,0.037037037037037035
YANKEE INSTITUTE FOR PUBLIC POLICY,,0.0,0.0,,0.0,0.0,0.0,0.0,0.0,0.0,0.0,0.0,0.0196078431372549,0.010752688172043012,0.0,0.005319148936170213,0.01818181818181818,0.03717472118959108
YOUNG AMERICA'S FOUNDATION,,,,,,,,0.0,,0.0,0.0,0.0,0.02531645569620253,0.005780346820809248,0.00392156862745098,0.0,0.006944444444444444,0.004081632653061225
YOUNG AMERICANS FOR LIBERTY,,,,,,0.022058823529411766,0.014970059880239521,0.007306889352818371,0.006493506493506494,0.0,0.0029154518950437317,0.002008032128514056,0.0,0.0,0.0030165912518853697,0.0,,
