person_id,ein
126,52-1844456
127,52-1844456
102,52-1844456
129,52-1844456
130,52-1844456
131,52-1844456
897,23-7135837
1018,23-7135837
1061,23-7135837
1442,54-1436224
1434,54-1436224
1407,54-1436224
1445,54-1436224
1446,54-1436224
1402,54-1436224
1227,54-1436224
1226,54-1436224
1862,47-4610810
1863,47-4610810
1864,47-4610810
2432,81-0393444
2433,81-0393444
3092,54-1880642
3093,54-1880642
3094,54-1880642
3095,54-1880642
3096,54-1880642
3097,54-1880642
3340,22-2570926
3341,22-2570926
3342,22-2570926
3343,22-2570926
3344,22-2570926
3345,22-2570926
3346,22-2570926
3347,22-2570926
3348,22-2570926
3111,22-2570926
3921,73-1436375
3922,73-1436375
4387,13-3649537
4388,13-3649537
4353,13-3649537
5232,52-1527294
5234,52-1527294
5265,52-1527294
5247,52-1527294
5065,52-1527294
5062,52-1527294
5231,52-1527294
5270,52-1527294
5704,52-1122683
4677,52-1122683
5935,75-2158093
5892,75-2158093
5937,75-2158093
5938,75-2158093
6240,52-1289734
6241,52-1289734
6211,52-1289734
6165,52-1289734
6244,52-1289734
6192,52-1289734
6152,52-1289734
6170,52-1289734
6668,58-1943161
6669,58-1943161
6670,58-1943161
6671,58-1943161
6672,58-1943161
6823,77-0099744
6824,77-0099744
6825,77-0099744
6826,77-0099744
6827,77-0099744
6828,77-0099744
6829,77-0099744
6830,77-0099744
6831,77-0099744
7439,13-2911127
7798,59-2811908
7799,59-2811908
7981,93-1045925
7982,93-1045925
7983,93-1045925
7984,93-1045925
7985,93-1045925
7986,93-1045925
8226,74-2524057
8255,74-2524057
8256,74-2524057
8257,74-2524057
8005,74-2524057
8435,54-1429009
8436,54-1429009
8437,54-1429009
8438,54-1429009
8439,54-1429009
8276,54-1429009
8441,54-1429009
8442,54-1429009
8625,54-1645372
8626,54-1645372
7405,54-1645372
8628,54-1645372
8988,04-2121305
8989,04-2121305
9248,11-2741490
9249,11-2741490
9250,11-2741490
9251,11-2741490
9252,11-2741490
9253,11-2741490
9254,11-2741490
9255,11-2741490
9256,11-2741490
9257,11-2741490
9748,74-2543375
9720,74-2543375
9750,74-2543375
9751,74-2543375
9752,74-2543375
9694,74-2543375
9754,74-2543375
9755,74-2543375
9966,54-1672138
9967,54-1672138
9968,54-1672138
9969,54-1672138
9840,54-1672138
10575,41-1275875
10576,41-1275875
10577,41-1275875
10330,41-1275875
10579,41-1275875
10580,41-1275875
10581,41-1275875
10582,41-1275875
2450,41-1275875
10584,41-1275875
10585,41-1275875
10586,41-1275875
10587,41-1275875
10588,41-1275875
10355,41-1275875
10615,23-7042029
10789,23-7042029
10790,23-7042029
10624,23-7042029
10792,23-7042029
9840,23-7042029
10794,23-7042029
10623,23-7042029
10995,57-0835744
10996,57-0835744
10997,57-0835744
10998,57-0835744
10999,57-0835744
11000,57-0835744
11001,57-0835744
11002,57-0835744
11003,57-0835744
11218,54-1670627
11219,54-1670627
11220,54-1670627
11221,54-1670627
11222,54-1670627
11223,54-1670627
2146,54-1670627
4299,54-1670627
11226,54-1670627
11192,54-1670627
11347,52-1462893
11348,52-1462893
11349,52-1462893
11350,52-1462893
11351,52-1462893
11365,51-0280185
11618,51-0280185
11619,51-0280185
11620,51-0280185
11380,51-0280185
11622,51-0280185
11623,51-0280185
9840,51-0280185
11625,51-0280185
11626,51-0280185
11627,51-0280185
11628,51-0280185
11629,51-0280185
11630,51-0280185
11631,51-0280185
11632,51-0280185
11797,23-7325778
11798,23-7325778
11799,23-7325778
11800,23-7325778
11801,23-7325778
11802,23-7325778
11803,23-7325778
11804,23-7325778
11805,23-7325778
12070,84-0990300
12071,84-0990300
12206,25-1704705
12207,25-1704705
12208,25-1704705
12209,25-1704705
12210,25-1704705
12716,91-1752769
12717,91-1752769
12718,91-1752769
12719,91-1752769
12720,91-1752769
12721,91-1752769
12722,91-1752769
12723,91-1752769
12724,91-1752769
12725,91-1752769
12726,91-1752769
12727,91-1752769
12728,91-1752769
12729,91-1752769
12730,91-1752769
12731,91-1752769
12732,91-1752769
12733,91-1752769
12734,91-1752769
12735,91-1752769
12758,36-3611426
13065,36-3611426
13066,36-3611426
13067,36-3611426
13068,36-3611426
13069,36-3611426
13070,36-3611426
13071,36-3611426
13072,36-3611426
13073,36-3611426
13074,36-3611426
13075,36-3611426
13076,36-3611426
13077,36-3611426
13078,36-3611426
13079,36-3611426
11192,94-2528433
13405,94-2528433
13721,94-2528433
13722,94-2528433
13723,94-2528433
13724,94-2528433
13725,94-2528433
13726,94-2528433
13727,94-2528433
13728,94-2528433
13729,94-2528433
13730,94-2528433
13731,94-2528433
13732,94-2528433
13733,94-2528433
13734,94-2528433
13735,94-2528433
13706,94-2528433
13737,94-2528433
13705,94-2528433
13987,74-6047137
13988,74-6047137
13989,74-6047137
13990,74-6047137
13991,74-6047137
13992,74-6047137
13993,74-6047137
13994,74-6047137
14796,36-3309812
14797,36-3309812
14798,36-3309812
14799,36-3309812
14800,36-3309812
14645,36-3309812
14546,36-3309812
14803,36-3309812
14804,36-3309812
14805,36-3309812
14806,36-3309812
14807,36-3309812
14808,36-3309812
14809,36-3309812
13706,36-3309812
14811,36-3309812
14954,57-0952531
14982,57-0952531
15025,57-0952531
15000,57-0952531
14997,57-0952531
15028,57-0952531
14858,57-0952531
15030,57-0952531
2448,57-0952531
15269,13-3554791
15771,13-1945157
9005,13-1945157
15773,13-1945157
15774,13-1945157
15775,13-1945157
15776,13-1945157
15777,13-1945157
15778,13-1945157
15779,13-1945157
15780,13-1945157
15781,13-1945157
15782,13-1945157
15783,13-1945157
695,13-1945157
15785,13-1945157
15786,13-1945157
15787,13-1945157
15788,13-1945157
15789,13-1945157
15790,13-1945157
16405,52-1750188
16406,52-1750188
16407,52-1750188
16408,52-1750188
16409,52-1750188
16576,94-3170425
16577,94-3170425
16578,94-3170425
16579,94-3170425
16580,94-3170425
16581,94-3170425
16582,94-3170425
2138,94-3170425
16568,94-3170425
16585,94-3170425
16760,88-0276314
16761,88-0276314
17652,53-0218495
17873,53-0218495
4239,53-0218495
17875,53-0218495
17876,53-0218495
17877,53-0218495
17878,53-0218495
17879,53-0218495
17880,53-0218495
17571,53-0218495
17882,53-0218495
17883,53-0218495
17589,53-0218495
16021,53-0218495
17886,53-0218495
17541,53-0218495
3645,53-0218495
17889,53-0218495
17890,53-0218495
17728,53-0218495
12082,25-1704173
18157,25-1704173
18158,25-1704173
18159,25-1704173
18160,25-1704173
18161,25-1704173
18162,25-1704173
18163,25-1704173
18164,25-1704173
18165,25-1704173
18166,25-1704173
11006,52-1400492
8637,52-1400492
11004,52-1400492
6211,52-1071570
6170,52-1071570
18670,52-1071570
18881,58-1247027
18882,58-1247027
18883,58-1247027
18884,58-1247027
18885,58-1247027
18886,58-1247027
17019,58-1247027
18888,58-1247027
18889,58-1247027
18890,58-1247027
18891,58-1247027
18892,58-1247027
16441,58-1247027
18894,58-1247027
18895,58-1247027
18896,58-1247027
18812,58-1247027
18898,58-1247027
19261,23-7432162
19262,23-7432162
17259,23-7432162
18983,23-7432162
17368,23-7432162
19064,23-7432162
19267,23-7432162
19268,23-7432162
19269,23-7432162
18960,23-7432162
5062,23-7432162
19272,23-7432162
19041,23-7432162
19274,23-7432162
1036,52-1885088
19451,52-1885088
19452,52-1885088
19453,52-1885088
1018,52-1400302
1048,52-1400302
19600,52-1400302
897,52-1400302
19602,52-1400302
19603,52-1400302
15285,52-1400302
19605,52-1400302
19606,52-1400302
19607,52-1400302
19642,94-3008370
19939,52-1226614
19940,52-1226614
19941,52-1226614
19942,52-1226614
19943,52-1226614
19944,52-1226614
19945,52-1226614
7173,52-1351785
19968,52-1351785
14997,94-2763845
20454,94-2763845
20455,94-2763845
20456,94-2763845
20457,94-2763845
20458,94-2763845
20279,94-2763845
20460,94-2763845
20461,94-2763845
20462,94-2763845
20030,94-2763845
20464,94-2763845
20465,94-2763845
20790,35-1320021
20530,35-1320021
20519,35-1320021
20845,35-1320021
20521,35-1320021
20540,35-1320021
17281,35-1320021
20849,35-1320021
20850,35-1320021
20723,35-1320021
20669,35-1320021
20853,35-1320021
20529,35-1320021
20855,35-1320021
20856,35-1320021
21197,13-2912529
21198,13-2912529
21199,13-2912529
21200,13-2912529
15665,13-2912529
21202,13-2912529
21203,13-2912529
21204,13-2912529
21205,13-2912529
21206,13-2912529
21207,13-2912529
21208,13-2912529
21209,13-2912529
21210,13-2912529
21211,13-2912529
21212,13-2912529
21213,13-2912529
21214,13-2912529
21215,13-2912529
17728,13-2912529
18719,52-2121856
21523,52-2121856
21524,52-2121856
21525,52-2121856
21802,23-7002632
21803,23-7002632
21804,23-7002632
21805,23-7002632
21806,23-7002632
21807,23-7002632
21808,23-7002632
21809,23-7002632
21810,23-7002632
21811,23-7002632
21812,23-7002632
21813,23-7002632
21994,52-1363952
21995,52-1363952
21996,52-1363952
21997,52-1363952
21998,52-1363952
21999,52-1363952
22000,52-1363952
22001,52-1363952
21963,52-1363952
5580,52-0140979
22576,52-0140979
22769,36-3235550
22905,36-3235550
22906,36-3235550
22907,36-3235550
22908,36-3235550
14982,38-2701547
23292,38-2701547
23293,38-2701547
5537,38-2701547
23295,38-2701547
23296,38-2701547
23297,38-2701547
23298,38-2701547
23299,38-2701547
23300,38-2701547
23301,38-2701547
23302,38-2701547
23303,38-2701547
23304,38-2701547
23305,38-2701547
23306,38-2701547
23584,38-2926822
8012,38-2926822
18485,38-2926822
23587,38-2926822
23588,38-2926822
23589,38-2926822
23360,38-2926822
23574,38-2926822
8011,38-2926822
17478,38-2926822
23594,38-2926822
24222,54-1773197
24223,54-1773197
24224,54-1773197
24225,54-1773197
24226,54-1773197
24227,54-1773197
24228,54-1773197
15183,95-3298239
22051,86-0902777
24687,86-0902777
24688,86-0902777
24746,35-1758480
24747,35-1758480
24748,35-1758480
24749,35-1758480
25133,91-1521697
25134,91-1521697
25135,91-1521697
25136,91-1521697
25137,91-1521697
25138,91-1521697
25139,91-1521697
25140,91-1521697
23850,91-1521697
25142,91-1521697
25143,91-1521697
25144,91-1521697
25145,91-1521697
25146,91-1521697
25147,91-1521697
25148,91-1521697
25149,91-1521697
25150,91-1521697
25151,91-1521697
25152,91-1521697
25511,52-1455677
25512,52-1455677
25513,52-1455677
25514,52-1455677
25515,52-1455677
25516,52-1455677
25517,52-1455677
25518,52-1455677
25519,52-1455677
25520,52-1455677
25521,52-1455677
25522,52-1455677
25523,52-1455677
19795,54-1934032
26759,54-1934032
26862,94-3264446
17541,94-3264446
26864,94-3264446
27000,51-0172279
27001,51-0172279
27002,51-0172279
27003,51-0172279
27004,51-0172279
17546,51-0172279
27006,51-0172279
27097,23-7433827
27098,23-7433827
27099,23-7433827
27100,23-7433827
6165,23-7433827
27516,43-1244445
17478,43-1244445
18966,43-1244445
27654,75-6003209
27655,75-6003209
27656,75-6003209
27657,75-6003209
27658,75-6003209
27659,75-6003209
27814,74-2622129
27662,74-2622129
27816,74-2622129
27817,74-2622129
27818,74-2622129
27819,74-2622129
27820,74-2622129
27821,74-2622129
22500,74-2622129
27823,74-2622129
28080,35-0868122
28081,35-0868122
28082,35-0868122
28083,35-0868122
28084,35-0868122
28085,35-0868122
28086,35-0868122
28087,35-0868122
28088,35-0868122
28089,35-0868122
28090,35-0868122
28091,35-0868122
28092,35-0868122
28093,35-0868122
17478,44-6015127
18966,44-6015127
28167,44-6015127
28306,23-7456468
28307,23-7456468
28308,23-7456468
28309,23-7456468
28575,13-3441466
28576,13-3441466
28577,13-3441466
28578,13-3441466
28579,13-3441466
28911,56-0611550
28912,56-0611550
28913,56-0611550
28914,56-0611550
28915,56-0611550
28916,56-0611550
28917,56-0611550
28918,56-0611550
28919,56-0611550
28920,56-0611550
28921,56-0611550
28922,56-0611550
28923,56-0611550
28924,56-0611550
28925,56-0611550
28926,56-0611550
28927,56-0611550
28928,56-0611550
28929,56-0611550
28930,56-0611550
29009,38-6041517
716,38-6041517
29011,38-6041517
29150,52-2166327
29151,52-2166327
29152,52-2166327
29153,52-2166327
29154,52-2166327
29582,43-6064859
29583,43-6064859
29584,43-6064859
29585,43-6064859
29586,43-6064859
29587,43-6064859
29588,43-6064859
29589,43-6064859
29590,43-6064859
29591,43-6064859
29592,43-6064859
29593,43-6064859
29594,43-6064859
29595,43-6064859
29596,43-6064859
29597,43-6064859
29598,43-6064859
29599,43-6064859
29600,43-6064859
29601,43-6064859
29686,13-1982683
29687,13-1982683
29688,13-1982683
29689,13-1982683
29690,13-1982683
29691,13-1982683
30058,23-7160400
30059,23-7160400
30060,23-7160400
30061,23-7160400
30062,23-7160400
30063,23-7160400
30064,23-7160400
30065,23-7160400
30066,23-7160400
30067,23-7160400
30068,23-7160400
30069,23-7160400
30070,23-7160400
30071,23-7160400
30072,23-7160400
30073,23-7160400
30074,23-7160400
30075,23-7160400
30076,23-7160400
30077,23-7160400
30274,54-1770697
5227,54-1770697
30276,54-1770697
30277,54-1770697
14997,54-1770697
30279,54-1770697
30280,54-1770697
30281,54-1770697
30375,75-2542403
30376,75-2542403
30377,75-2542403
30378,75-2542403
30379,75-2542403
30575,23-7411083
30576,23-7411083
30809,48-0918408
30810,48-0918408
1227,48-0918408
30812,48-0918408
30813,48-0918408
1226,48-0918408
31005,35-6056960
20519,35-6056960
20790,35-6056960
20530,35-6056960
20521,35-6056960
31010,35-6056960
31011,35-6056960
31012,35-6056960
17281,35-6056960
20669,35-6056960
20723,35-6056960
20540,35-6056960
31085,34-1881601
31086,34-1881601
31087,34-1881601
31088,34-1881601
31283,23-6257083
31284,23-6257083
31285,23-6257083
31286,23-6257083
31543,84-1393308
31544,84-1393308
31545,84-1393308
31546,84-1393308
31547,84-1393308
31548,84-1393308
31549,84-1393308
31550,84-1393308
31551,84-1393308
31552,84-1393308
31553,84-1393308
31554,84-1393308
31555,84-1393308
31556,84-1393308
31557,84-1393308
21134,13-6217788
31757,13-6217788
31758,13-6217788
31759,13-6217788
31760,13-6217788
31761,13-6217788
31762,13-6217788
31763,13-6217788
31764,13-6217788
31765,13-6217788
2406,65-0415977
32593,33-0378778
32594,33-0378778
32595,33-0378778
32596,33-0378778
32597,33-0378778
32598,33-0378778
32599,33-0378778
32600,33-0378778
32601,33-0378778
32602,33-0378778
32603,33-0378778
32604,33-0378778
32605,33-0378778
32606,33-0378778
32607,33-0378778
32608,33-0378778
32747,39-6064733
32748,39-6064733
32749,39-6064733
32750,39-6064733
32751,39-6064733
2146,39-6064733
32753,39-6064733
32754,39-6064733
32885,94-6080099
32886,94-6080099
32887,94-6080099
10317,94-6080099
14985,94-6080099
32890,94-6080099
32891,94-6080099
32892,94-6080099
32893,94-6080099
32894,94-6080099
33066,94-3059858
33067,94-3059858
33068,94-3059858
33336,94-1624987
33337,94-1624987
33338,94-1624987
33339,94-1624987
33340,94-1624987
33341,94-1624987
33342,94-1624987
33343,94-1624987
33344,94-1624987
33345,94-1624987
33410,94-3148482
33411,94-3148482
33412,94-3148482
33634,25-6012303
33635,25-6012303
33636,25-6012303
33637,25-6012303
33638,25-6012303
10355,25-6012303
33640,25-6012303
33641,25-6012303
33987,62-1322826
33988,62-1322826
33989,62-1322826
33990,62-1322826
33991,62-1322826
33992,62-1322826
33993,62-1322826
33994,62-1322826
33995,62-1322826
33996,62-1322826
33997,62-1322826
33998,62-1322826
33999,62-1322826
34000,62-1322826
34001,62-1322826
34002,62-1322826
34003,62-1322826
34227,94-6066229
34228,94-6066229
34229,94-6066229
34230,94-6066229
34231,94-6066229
34232,94-6066229
34233,94-6066229
34234,94-6066229
34624,73-0606209
34625,73-0606209
34626,73-0606209
34627,73-0606209
3801,73-0606209
34629,73-0606209
34630,73-0606209
34631,73-0606209
34632,73-0606209
3700,73-0606209
34502,73-0606209
34635,73-0606209
34636,73-0606209
34637,73-0606209
34638,73-0606209
34639,73-0606209
34640,73-0606209
34641,73-0606209
34642,73-0606209
34643,73-0606209
34868,25-1113452
34869,25-1113452
34870,25-1113452
10278,25-1113452
34872,25-1113452
34873,25-1113452
34874,25-1113452
34875,25-1113452
34876,25-1113452
34877,25-1113452
34878,25-1113452
34879,25-1113452
34880,25-1113452
10355,25-1113452
